{
  "accuracy": 0.9699375,
  "precision": 0.3333333333333333,
  "recall": 0.0020833333333333333,
  "f1": 0.004140786749482402,
  "roc_auc": 0.49709809922680415,
  "confusion_matrix": [
    [
      15518,
      2
    ],
    [
      479,
      1
    ]
  ],
  "threshold": 0.6780000000000004
}